{
  "project_info": {
    "project_number": "128521845660",
    "firebase_url": "https://travelmantics-e2c01.firebaseio.com",
    "project_id": "travelmantics-e2c01",
    "storage_bucket": "travelmantics-e2c01.appspot.com"
  },
  "client": [
    {
      "client_info": {
        "mobilesdk_app_id": "1:128521845660:android:ed6a1f02c2ff69b5",
        "android_client_info": {
          "package_name": "com.chibusoft.travelmantics"
        }
      },
      "oauth_client": [
        {
          "client_id": "128521845660-l25fuqujr55b3rd0e2pq84oltlmcgpen.apps.googleusercontent.com",
          "client_type": 1,
          "android_info": {
            "package_name": "com.chibusoft.travelmantics",
            "certificate_hash": "0535f75485214e87ea5061305ee8f612d84e09cd"
          }
        },
        {
          "client_id": "128521845660-gl1c5f8isahrl79d3v1ia1t6qj3gcjjs.apps.googleusercontent.com",
          "client_type": 3
        }
      ],
      "api_key": [
        {
          "current_key": "AIzaSyBfvJOOaVVfTCffEqMW1QG6wwKbF-cP90I"
        }
      ],
      "services": {
        "appinvite_service": {
          "other_platform_oauth_client": [
            {
              "client_id": "128521845660-gl1c5f8isahrl79d3v1ia1t6qj3gcjjs.apps.googleusercontent.com",
              "client_type": 3
            }
          ]
        }
      }
    }
  ],
  "configuration_version": "1"
}